SUMO;liczba synsetów przypadająca na pojęcie
;1
AGM;2
Leaf;22
WeatherFront;7
Lead;2
Gymnast;2
Avocado;1
Rotavirus;1
Sugar;11
CanalLockGate;2
BangladeshItaka;1
Hose;1
MotionPicture;97
Janitor;2
Thallium;1
ExerciseCenter;5
ArmoredVehicle;5
SensoryDisability;20
Industry;96
FluidContainer;78
connects;44
OccupationalTrade;69
Henry;1
PoliceOfficer;28
Tomb;8
Steak;6
Steam;2
Krypton;1
ExtensionFn;12
Bacon;6
CorpuscularObject;116
KyrgyzstanIsom;1
Archipelago;4
LinguisticExpression;101
BoardOrBlock;72
PashtoLanguage;1
Gadolinium;1
NigerCongoLanguage;2
MarburgDisease;1
ExpressingFarewell;1
Doorman;4
VideoDisplay;1
Sermon;3
CommunicationDevice;2
UnitedStatesPostalService;2
Divorcing;2
BurundiFranc;1
JetAirplane;6
Agnosticism;1
Tape;12
Hockey;5
ChargingAFee;9
Flywheel;1
Unemployed;22
TextureAttribute;93
LatinLanguage;2
Questioning;38
Game;185
Raspberry;3
Photograph;21
ArrowIcon;2
Brown;24
Dreaming;1
TamilLanguage;1
GeopoliticalArea;84
LatvianLanguage;1
path;44
Radian;1
subsumesContentInstance;2
BarbadosDollar;1
DistilledAlcoholicBeverage;49
daughter;30
LithuanianLanguage;1
Tuesday;1
Queen;1
SpokenHumanLanguage;7
Ginger;2
Hair;79
Lettuce;1
AncientGreekLanguage;1
AircraftCarrier;10
TelephoneLine;1
Hydrogen;4
Continent;16
Sweat;1
diameter;4
Wire;4
Group;363
Giving;44
AustronesianLanguage;1
Polychromatic;23
DiaryProduct;4
Book;142
UzbekistanIsom;1
BodyVessel;61
RootVegetable;1
Piano;9
Pharmacist;10
Tent;6
VideoCassette;2
Star;36
Polonium;1
Porch;5
GraphPath;2
Potassium;1
June;1
Compass;9
Carbon;6
MechanicalJoint;4
CrayfishMeat;1
BubonicPlague;1
GermanLanguage;1
Vegetarian;6
RevolverGun;5
Requesting;98
Stressed;5
SpanishPeseta;1
Painting;6
Alveolus;1
Sourness;5
Punishing;25
Text;901
NicaraguanCordoba;1
ProjectionScreen;1
Lung;4
Colombia;1
Skateboarding;2
Protozoa;1
synonymousExternalConcept;2
Fluorine;1
AntiguaAndBarbuda;1
LengthMeasure;112
Palau;1
Corporation;265
Lip;4
Teenager;21
Banana;2
Wheel;1
IstanbulTurkey;2
describes;1
SquareMile;1
LandVehicle;33
Killing;63
PhilippinePeso;1
Aioli;1
MoroccanDirham;1
Jordan;1
Pretending;105
Atom;31
Comedian;5
Cabbage;5
Weekend;3
Eritrea;1
Blade;6
FacialExpression;1
IntentionalRelation;53
earlier;13
SolidFood;12
Gonorrhea;3
HotTemperature;6
Nepal;1
TapeCassette;3
MilitaryFront;8
MovingResidence;5
GeorgianLari;1
WheatGrain;3
Sphere;6
HormoneTSH;1
SecurityAlarm;3
TelevisionSet;5
Cattle;2
Praying;8
Blue;28
PlanetNeptune;2
Brood;2
Broom;5
AngularDegree;1
CigarOrCigarette;17
Tachometer;1
RadiatingVisibleLight;10
ArtCritic;3
ZimbabweanDollar;1
PlanetEarth;5
HairDryer;1
FormText;4
Urban;2
Aikido;1
Intestine;1
Boiling;2
Syllable;8
ChileanPeso;1
Molecule;32
WashingtonDC;2
VendingDevice;6
SugarCane;1
BiologicalAttribute;167
Cutting;3
Birth;37
OneDimensionalFigure;14
Judge;7
MilitaryInfiltration;1
Oyster;7
TurkishLanguage;2
EgyptianPound;1
Judaism;9
Spleen;1
Oman;1
Fragile;11
Motion;346
EstonianLanguage;1
Steps;7
OlfactoryAttribute;44
HebrewLanguage;3
Organism;270
Candela;1
Brazil;1
represents;64
Coconut;1
EbolaHemorrhagicFever;1
subsumingExternalConcept;1
PaintingDevice;9
Goose;42
Planning;39
APC;4
FactualText;138
Agriculture;17
side;26
Classroom;3
TennisProfessional;2
TatarLanguage;1
LogFn;8
Mongolia;2
Medicine;7
SlovakLanguage;1
Won;6
TieClothing;4
inList;2
Room;302
BritishPound;1
Racquetball;1
Possibility;38
Courtyard;7
PropellerJet;1
MilitaryAircraft;2
Sikhism;1
Rabbit;29
Basement;4
Hole;152
Tennis;4
DebitCard;3
India;2
DeonticAttribute;16
Transaction;44
Word;248
SriLankanRupee;1
Sofa;17
University;5
Metal;68
Worm;124
Planet;8
Distributor;1
interiorPart;1
CoolTemperature;6
Planer;1
Iran;2
Sketch;2
Antisemitism;1
Monday;1
IsraeliShekel;2
September;1
starts;21
FishMeat;14
Nail;8
Titanium;1
Mango;2
Curb;1
PrivateDetective;1
Human;3038
Mirror;10
Chair;39
Counting;2
Helium;1
HIVVirus;1
Americium;1
PeruvianInti;1
Working;4
Rotor;2
Buddhist;3
Equitation;4
Cell;85
DramaticPlay;30
Buddhism;8
Piston;3
Pistol;10
PoweredVehicle;15
subsumedExternalConcept;1
Screw;10
top;13
SeriesVolumeFn;7
TheaterProfession;8
UnitedKingdomGallon;2
Mesa;1
Collar;12
BarberShops;7
Onion;9
Vanadium;1
Penicillin;3
IcelandicKrona;1
Shrimp;10
Scandium;1
Sunset;4
Pertussis;1
NigerianNaira;1
RomanticAttribute;3
distance;9
Set;30
SulfuricAcid;3
CzechLanguage;1
Relation;532
Sea;9
Biography;3
identityElement;1
Floor;6
Automobile;195
EditionFn;9
Vertebrate;29
Earthquake;1
KongoLanguage;1
PreparedFood;580
Emphysema;1
MediaSystem;5
manner;56
Crab;12
Designing;6
PortugueseEscudo;1
M2Browning;1
Damaging;15
Appointing;5
Christian;25
Declaring;44
Chlorofluorocarbon;2
Tripod;5
ElectricMotor;24
ExplosiveMine;4
DevelopmentalAttribute;7
BodyJoint;3
GovernmentSecretary;1
Surfing;2
CerealGrass;26
PlanetUranus;2
Artist;151
Caviar;2
Button;6
CelsiusDegree;1
CanadianDollar;1
UnpoweredVehicle;54
subset;2
Meal;18
Bone;77
Bond;5
Niobium;1
Attorney;7
Earphone;1
JamaicanDollar;1
Clothing;643
Lending;19
ReligiousProcess;98
Election;12
Cinnamon;2
Shintoist;2
Living;1
ParkingLot;1
ChristianMusic;2
Vehicle;52
YearDuration;16
GovernmentPerson;3
Stairway;3
MartialArt;3
HausaLanguage;1
Bit;1
Furniture;12
Anxiety;4
BloodVessel;3
IntervalFn;21
Kilogram;1
SteeringWheel;1
Quick;6
Lever;18
Voting;6
Swimming;11
AsexualReproduction;39
Toxin;16
Washington;1
Agent;62
hasSkill;287
SouthAfrica;1
TaxReturn;4
DramaticCast;1
Centimeter;1
ChickenMeat;7
Adverb;8
Hospital;6
PhysicalDisability;1
Christianity;45
MotorizedRailwayCar;1
result;55
Pursuing;63
Performance;29
Pea;3
YardLength;2
ColorAttribute;387
Biology;23
EggYolk;1
RiceGrain;2
OccupationalRole;2
Rum;3
Canyon;1
Water;31
Experimenting;18
Praseodymium;1
InductorElement;2
BreadOrBiscuit;108
KenyanShilling;1
Soldier;148
Cylinder;8
WellnessDaySpa;14
PolyphonicMusic;1
Nicaragua;1
Samarium;1
Tableware;36
Computer;34
NiloSaharanLanguage;1
BelarusianRubel;2
Reasoning;96
Whip;17
Closet;6
Sailboat;47
Aerator;2
IntentionalProcess;508
CommissionedOfficerRank;4
SouthAfricanRand;1
StockMarket;5
Forest;68
Ireland;4
Curtain;9
IndustrialPlant;123
Recliner;2
PropositionalAttitude;83
MalarialPlasmodium;1
Perception;87
BiologicalWeapon;1
Ruthenium;1
Indium;1
VoiceMail;1
WaterVehicle;91
Treasurer;3
Cucumber;4
VegetableOil;7
Prisoner;15
contractor;7
Fireplace;6
Chimney;6
inScopeOfInterest;8
Tomato;5
AfghanAfghani;1
Saddle;17
Pennsylvania;1
Sock;13
Poland;129
Zirconium;1
Moldova;1
Concrete;13
Investigating;164
Depressant;2
Sculpture;13
SpeakerDevice;17
Carnivore;237
Rocket;5
Field;42
Process;439
Spacecraft;12
Workshop;51
IrrationalNumber;2
LastFn;9
EstonianKroon;1
Hoof;2
WaterTransportation;1
Madagascar;1
ChemicalBase;7
uniqueIdentifier;15
GameGoal;2
PhysicalQuantity;11
Menu;2
Headlight;1
disjoint;4
BhutaneseNgultrum;1
AtomGram;1
Sword;31
PacificOcean;1
SanMarino;1
Gear;2
Artifact;1604
Gabon;1
ElectricDevice;64
Zimbabwe;1
President;9
ArgentinianHemorrhagicFever;1
PhysicalState;21
Pottery;12
ExhaustManifold;1
MadagascarFranc;1
WeatherProcess;4
Electromagnet;1
Bitterness;7
Roof;7
Nursery;1
Latvia;1
Truck;21
LatvianLats;1
Morning;5
AlbanianLanguage;1
EnlistedSoldierRank;4
SymbolicString;4
ReggaeMusic;4
BulgarianLev;1
DominicanPeso;1
Mine;12
Canine;429
GroupOfAnimals;29
RadiatingLight;101
mother;19
Paraguay;1
Table;38
Uranium;1
GraphArc;18
possesses;51
Streetcar;1
BodyMotion;83
FireExtinguisher;1
Lithuania;1
Cloak;6
Cambodia;1
DiningRoom;5
Surprise;13
UgandanShilling;1
ArtilleryGun;14
Yemen;1
Sheriff;1
SmokingPipe;8
NonCommissionedOfficerRank;11
WorldOcean;4
MexicanPeso;1
MilitarySquad;2
Slovenia;1
Kuwait;1
Wine;47
Building;357
Wagon;20
CocoaBean;1
Restaurant;32
Athlete;3
ApartmentBuilding;3
LacrossePlayer;2
Wrench;4
CreditAccount;6
Grass;303
Wind;24
Gas;31
Pollen;5
Heart;4
Bomb;13
Kazakhstan;1
ReligiousOrganization;339
HepatitisC;1
Arm;3
TheocraticGovernment;1
KoreanLanguage;1
Beef;27
LithuanianLitas;1
FrisianLanguage;1
Rattlesnake;8
Freezer;2
Application;9
Beer;24
Grapefruit;1
HumanChild;6
Champagne;2
CompactDisc;4
CostaRica;1
Unconscious;7
Cuba;1
Covering;10
InsurancePolicy;9
subclass;7
ParisFrance;1
SportsGround;4
AirPump;8
Armenia;1
Drinking;4
Gray;25
School;47
GuineanFranc;1
Clutch;1
AfrikaansLanguage;1
ReceiverDevice;5
Garage;2
Near;11
Amphibian;286
Gram;3
Corresponding;1
BeliefGroup;14
OriyaLanguage;1
PortCity;3
Abstract;49
Argument;18
Peru;1
Hearing;5
PathologicProcess;699
BodyCavity;5
Austria;2
Powder;7
HumanYouth;35
Kidney;4
Transducer;4
UnitedArabEmirateDirham;1
GambianDalasi;1
ContainerFull;10
BodyJunction;9
Cup;37
son;14
PlaneAngleMeasure;6
Fern;166
Bakery;4
Mammal;218
GameBoard;1
JordanianDinar;1
ChemicalProcess;100
ContainerEmpty;1
Selling;44
Committing;36
AsianEthnicity;16
altitude;1
AnatomicalStructure;201
editor;4
BonnGermany;1
Device;2813
Tuna;6
SwimmingPool;2
TeluguLanguage;1
WheelChock;2
ChineseLanguage;6
January;1
WaterCloud;11
TimeDuration;108
ChristmasMusic;2
Soda;4
DengueFever;1
ContentDevelopment;60
Plutonium;1
Left;1
Saw;6
RepublicOfGeorgia;1
Commission;18
Researcher;15
prevents;36
Suburban;2
MakingInstrumentalMusic;26
Laos;1
County;16
Volt;9
Engineering;7
Periodical;43
MilitaryOrganization;85
Surgery;51
Cream;6
SpanishLanguage;2
BirdEgg;14
HepatitisVirus;1
Wetting;1
WoodArtifact;1
Malta;2
BelgianFranc;1
Easel;1
Holmium;1
BinaryRelation;21
IndoAryanLanguage;1
Handle;33
FictionalText;164
Envelope;4
ElectricalTransformer;3
AustroAsiaticLanguage;2
LegalCharge;1
CellNucleus;3
ArcticOcean;1
OrganicCompound;10
ElectricalPlug;1
Florists;3
Condensing;5
Tooth;24
BiologicalProcess;176
Airline;3
Monument;6
RomaineLettuce;1
EskimoAleutLanguage;1
Quart;3
WatercolorPicture;3
Alfalfa;3
Eyelid;3
AirForce;4
JudicialProcess;15
home;4
TrendyAttribute;1
Fire;7
Skate;8
MaliFranc;1
Tunisia;1
time;7
Throat;9
Chicken;14
EyeGlass;9
InternalChange;83
Bahaism;1
Parsley;4
CzechRepublic;4
Elephant;3
LiquidMotion;4
YellowSkin;1
inverse;1
Platoon;2
Dam;1
father;12
Hemisphere;1
GeometricFigure;14
AltitudeMeasure;1
Bolt;2
Day;150
Plug;5
MozambiqueMetical;1
Terbium;1
PhysicalAttribute;1
PoliticalParty;33
SlopedArea;13
SelfPoweredDevice;1
Guiding;43
Poppy;17
PublicProsecutor;6
Ethiopia;1
HoofedMammal;246
Holder;7
Tax;28
brother;4
NightClub;3
ComputerFile;3
Campground;7
Tajikistan;1
SelfConnectedObject;170
PlayArea;2
Antenna;5
CerealGrain;9
UnconventionalAttribute;1
Label;6
EuroDollar;2
Slovakia;4
ScarletFever;1
ProfessionalAthlete;68
GunBarrel;3
Red;38
SecondDuration;1
MolotovCocktail;1
Nickel;1
LouseBorneTyphus;3
JazzMusic;5
AcademicDegree;5
Injuring;82
Demonstrating;21
PoliticalRevolution;14
PlanetMars;3
True;47
Mint;10
Amaretto;1
BotswanaPula;1
Mineral;588
Libya;1
MutualFundAccount;1
Gasoline;4
Liechtenstein;1
Woman;91
tangent;1
Berry;8
address;6
ComputerProgramming;10
OfficeBuilding;21
DNAMolecule;12
occupiesPosition;92
Deaf;3
Sweden;1
Dead;29
Seed;20
ArtilleryBattery;3
Stealing;2
Deposit;4
Thumb;1
Sail;30
Attaching;75
Angstrom;1
EthiopianBirr;1
PhysicalSystem;30
TrapOrCage;16
Beryllium;1
ColdTemperature;21
MauritianRupee;1
Australia;3
Escaping;5
NormativeAttribute;572
Toad;74
GroupOfPeople;156
PeriodicalIssueFn;3
Lunch;3
AnimalTeam;3
Maintaining;82
Marsupial;130
Melting;5
October;2
PoliticalProcess;54
ParticleWord;36
Opera;8
dislikes;1
Weapon;235
Raisin;3
Bed;20
Bee;146
Messaging;3
Beverage;75
Calorie;5
ZambianKwacha;1
Procedure;329
Pope;7
EmotionalState;373
Wrestling;2
Rooster;5
RadioEmission;5
Acre;1
Glue;4
BasicPH;1
ChristianService;24
Protestantism;7
Hafnium;1
Monkey;113
Ordering;32
attribute;363
agent;200
Score;10
Suspension;6
FullyFormed;31
MarshallIslands;1
BotulinumToxin;1
CommunistState;1
Vocalizing;24
Cauliflower;3
Arguing;1
DiseaseOrSyndrome;1858
ObjectAttitude;2
PlanetVenus;2
HorseRacing;2
PsychologicalProcess;94
NonprofitOrganization;1
Promethium;1
TravelerAccommodation;17
License;25
OrangeFruit;4
TimePoint;5
holdsRight;43
DivisionFn;15
Skull;6
date;1
PoliticalScience;3
Modem;1
SerbiaAndMontenegro;1
Menstruation;3
Iodine;1
RadiationMeasure;4
ElectricCoffeeMaker;7
Series;18
MegaByte;3
SafeContainer;4
CognitiveAgent;227
Badminton;3
Asleep;7
ChineseYuan;1
GuidedMissile;2
CoolingDevice;2
ChristianBible;13
Islam;5
Sheep;27
Combustion;14
Hunting;12
UnitedArabEmirates;1
BoxingRing;1
Lutetium;2
PoundMass;5
LinguisticCommunication;13
Antimony;1
White;25
Bolivia;1
SeasonOfYear;10
Ghana;1
EducationalOrganization;58
Raid;1
HotelRoom;8
ServicePosition;14
Millimeter;1
Guatemala;1
IndonesianRupiah;1
SoundAttribute;191
VehicleController;3
Veil;2
Vein;3
Remembering;29
Towel;1
Cable;3
PerFn;11
BulgarianLanguage;1
NorthAmerica;1
not;19
Decoding;2
Gastropod;4
BelarusanLanguage;1
USMilitaryRankO6;2
USMilitaryRankO7;2
USMilitaryRankO4;1
USMilitaryRankO2;6
USMilitaryRankO3;1
Yellow;31
USMilitaryRankO9;1
CoordinatedUniversalTimeZone;1
Mile;2
patientMedical;6
Skin;9
AltaicLanguage;6
interestEarned;2
PressureMeasuringDevice;4
Milk;8
TimeDependentQuantity;79
PlanetJupiter;2
PunkRockMusic;1
Contest;98
Lux;1
OmaniRiyal;1
Larval;24
Hepatitis;8
ReproductiveBody;51
LineFormation;12
Satellite;2
SolarSystem;3
Endive;5
Malaria;4
FieldOfLaw;39
LuxembourgFranc;1
Pocket;4
SaoThomeEPrincipeDobra;1
Plague;3
SubatomicParticle;61
Key;3
KelvinDegree;1
Article;11
GunStock;2
Hawaii;1
GovernmentOrganization;2
Stone;1
Judo;2
Opium;6
Pregnant;2
Braille;1
ChemicalSalt;48
Tumor;33
RegulatoryProcess;79
BallisticMissile;1
Afternoon;1
Bamboo;3
Knife;1
PrimeNumber;1
Walking;70
Spear;15
Battery;14
CottonFiber;21
Sign;21
Senegal;1
Promise;8
VCRSystem;2
Hungary;3
NaturalLanguage;42
HeatingDevice;24
Smallpox;2
Ape;27
origin;18
Microphone;24
Suicide;4
USMilitaryRankO10;5
Tellurium;1
PrisonerOfWar;4
Tasting;12
Cilantro;1
Asia;7
Black;21
Expressing;146
SubtractionFn;11
Inch;6
Hand;14
SodiumChloride;3
Vertical;3
hasExpertise;20
SriLanka;1
Garlic;2
realization;36
Atrophy;2
LyonsFrance;1
TonMass;1
ItalianLira;1
BrucellaBacterium;1
TuvaluDollar;1
Keeping;42
Noun;16
Neck;2
Neptunium;1
ConstructedLanguage;23
BowlingFacility;1
Dirty;14
Jain;2
copy;62
Torso;10
StationaryArtifact;648
History;32
Atmosphere;1
CriminalAction;4
Ketchup;1
Respirator;2
familyRelation;104
Brake;8
Demonstration;2
and;11
Container;191
Maid;10
GuyanaDollar;1
Thermometer;4
Valley;31
Venezuela;1
Cartridge;8
MongolianTugrik;1
Funeral;1
ParaguaYanguarani;1
KuwaitiDinar;1
Cinematographer;3
RicottaCheese;1
YorubaLanguage;1
Entombing;3
Poultry;2
Rugby;1
Sleeve;7
Getting;36
Sunrise;4
Strawberry;2
UnitedStatesGallon;2
EthnicGroup;646
AntInsect;24
Embracing;4
SafetyDevice;1
Theology;29
OuterSpaceRegion;2
Auditorium;20
QuantityChange;10
average;4
Amplifier;6
GraphDiagram;13
Chef;3
Antarctica;1
SummerSeason;2
TropicalClimateZone;1
WritingDevice;12
Legionellosis;2
RussianLanguage;1
SpatialRelation;25
GuatemalanQuetzal;1
Aflatoxin;1
EmbassyBuilding;1
Character;206
Switzerland;2
TerroristOrganization;1
MinuteDuration;1
Wet;9
AlphabeticCharacter;14
PublicPark;3
Liter;1
SurfaceChange;38
SeychellesRupee;1
WalkingCane;4
Inhaling;2
Awake;4
Byte;2
AuditoriumSeat;3
FinancialText;6
Lacrosse;1
TaeKwonDo;1
Seeing;7
WatercolorPaint;1
Daikon;1
Magazine;2
DanishLanguage;1
TagalogLanguage;1
PropertyFn;48
FireAlarm;1
Muscle;28
Denmark;1
Monochromatic;2
CottonFabric;11
Right;1
resource;3
Uruguay;1
Lobster;6
WorkerInsect;1
TamarindFruit;2
Anger;4
Knuckle;1
MurphyBed;1
husband;7
TimeMeasure;13
LightFixture;70
Funding;18
Registering;10
KurdishLanguage;1
IceSkatingRink;3
Rhodium;1
Goat+;1
Radiator;1
PercussionInstrument;33
Digesting;1
Cellulose;1
PrivateSchool;2
between;8
before;22
BotanicalTree;152
Francium;1
SwahiliLanguage;1
parent;12
Tavern;9
Atheist;6
Greeting;36
Atheism;2
Accrediting;2
Manganese;1
Sweetness;6
FinancialInstrument;10
Basil;1
ServiceContract;1
Rubidium;1
RockAndRollMusic;7
developmentalForm;3
JapaneseLanguage;2
TrafficLight;1
Month;15
Germanium;1
EconomicAttribute;20
Laboratory;2
Turbine;25
OrganicObject;56
Firearm;18
XhosaLanguage;1
Syria;1
PotOrPan;8
InletPassage;1
TimeIntervalFn;2
PlayingCard;8
Neurosis;33
Comparing;174
CommercialService;25
RationalNumber;65
ElementalSubstance;59
StreptococcusA;6
Journalist;11
Compartment;3
considers;20
BackFn;12
Apron;9
Cleric;61
Bus;1
Ladder;9
BodySubstance;239
Dentist;6
ConstantQuantity;377
Knee;3
MilitaryService;2
Deist;14
hasPurpose;75
EducationalProcess;170
Oval;5
BreakabilityAttribute;1
Vanilla;1
FutureFn;14
Glove;9
DoubleBed;1
Embryonic;12
Bagel;1
IroningBoard;1
Tesla;1
NightTime;3
MediterraneanSea;1
RadiatingElectromagnetic;1
OrganizationalBoard;34
increasesLikelihood;27
Hominid;19
Pilot;10
Fiji;1
TactilePerception;5
Sharing;1
Slow;12
orientation;9
EngineeringComponent;374
Sudan;1
Transfer;18
Cooking;23
Selenium;1
Elevator;1
AutomobileTransmission;1
Looking;28
Wood;155
Oar;3
ClostridiumBotulinum;1
Wool;21
Plant;344
ChemicalDecomposition;15
WarmBloodedVertebrate;1
GreekGroupLanguage;2
IndianRupee;1
VicePresident;1
SquashSport;1
Touching;46
Blood;8
Pancake;9
SocialRole;2037
Silver;2
Destruction;12
Oxygen;1
Unilluminated;11
IntersectionFn;4
Rowing;1
Aerating;1
Iron;1
DjiboutiFranc;1
ArabicLanguage;1
Sidewalk;4
Bay;5
Physics;28
Smiling;2
Patio;1
Owl;48
Pork;22
Calculating;55
AustrianSchilling;1
PositionalAttribute;52
SparkPlug;1
ReligiousJew;14
DigitalAudioTapeCassette;1
Physical;81
Pink;10
DiplomaticAgent;6
Blueberry;2
Boxing;3
RickettsialAgent;2
DenominatorFn;1
Pump;55
Death;33
HipHopMusic;2
SentientAgent;84
Europium;1
SouthKoreanWon;1
MunchenGladbachGermany;1
Pint;3
Fodder;9
Sandwich;15
ReligiousService;12
MilitaryOperation;6
GovernmentOfficer;6
AutomobileSuspension;3
Dome;5
Missile;13
instrument;56
Rigid;13
FlagOfficerRank;2
Guinea;1
Olive;1
Crane;9
TimeInterval;415
Washing;5
UnitedKingdom;8
Island;44
Camp;6
Vodka;15
Radon;1
Vitamin;33
MultiplicationFn;18
GuideBook;3
Decreasing;142
Convoy;2
BaseballInning;7
SingleBed;1
FrequencyMeasure;2
Bidet;1
Share;8
Pig;23
NonnegativeInteger;1
Shoe;94
TravelContainer;7
ManualLabor;59
LassaFever;1
Dress;22
ZaireSezaire;2
productPrice;93
Jewelry;28
Democracy;4
Army;26
West;5
TelevisionStation;9
RomanCatholicChurch;3
Somalia;1
duration;75
Brick;22
PotatoTuber;11
ThaiBaht;1
Government;209
subCollection;2
Detaching;4
Leader;2
TerroristAttack;2
Arsenic;1
ExecutiveResidence;1
AlarmClock;2
PakistaniRupee;1
Chapter;3
Vietnam;2
Rock;27
refers;25
Imagining;1
Raining;8
Battalion;8
RhythmAndBluesMusic;1
BretonLanguage;1
Mouse;18
Radium;1
Urine;3
Check;3
Adjective;12
Paper;40
Mozambique;15
AutomaticGun;6
CavalryUnit;13
SoupStock;4
TangentFn;4
AfroAsiaticLanguage;9
AudioRecording;12
PlanetMercury;1
ItalianLanguage;1
AzerbaijanImanat;1
FabricIron;9
Paint;21
Skylight;2
TrinidadAndTobagoDollar;1
Mule;1
Increasing;131
Meeting;97
HepatitisB;1
HepatitisA;1
Week;5
TorqueWrench;1
SouthAmerica;3
Nest;5
PapuanKina;1
DayTime;8
subProcess;8
Peninsula;6
Insect;1372
Letter;28
ExpressingApproval;45
AlcoholicBeverage;50
attends;7
BedFrame;1
Manufacturer;1
HonduranLempira;1
Treaty;8
Namibia;1
CarRacing;7
UkranianHryvnia;1
Trailer;3
Curling;1
ElectricalComponent;2
PapuaNewGuinea;1
CurrencyCoin;142
Century;2
House;43
BodyCovering;52
Moth;59
Desk;8
Gouda;1
RadiatingUltraviolet;1
ViolentContest;57
Coloring;12
NarrativeText;11
LiberianDollar;1
Cemetery;16
Lawn;5
Thursday;3
AngleMeasure;19
Detergent;5
BiologicallyActiveSubstance;421
InfectiousDisease;128
CashewNut;1
Mathematics;25
Migrant;3
Neutron;1
WaterSport;12
UnitOfMeasure;345
SaudiArabia;1
Lichen;62
FahrenheitDegree;1
Impacting;68
Artery;8
Law;87
EngineCylinder;2
IrishGaelicLanguage;1
Coulomb;1
VolumeMeasure;52
Macedonia;1
DanishKrone;1
Nose;7
spouse;2
MountainRange;37
Bequeathing;7
CircleSector;11
Myanmar;1
wife;86
MarseillesFrance;1
IceSkating;3
ElSalvador;1
Agnostic;2
ReligiousPosition;4
ProbabilityRelation;34
BeginFn;5
Brain;13
Likely;31
NumeratorFn;1
Soybean;1
Year;6
SudanesePound;1
RussianRuble;4
MycobacteriumTuberculosis;1
Canada;1
Mercury;1
precondition;4
Retina;1
HongKongDollar;1
Tube;62
Poking;24
Moon;3
Plateau;3
Thulium;1
ContentBearingObject;428
Cameroon;1
causes;134
IntentionalPsychologicalProcess;12
Maneuver;88
Cricket;1
BroadcastingStation;1
geopoliticalSubdivision;2
AirTransportation;18
Warm;1
OrangeColor;8
SelfPoweredRoadVehicle;1
Ear;4
Flammable;1
confersRight;8
Alaska;1
YemeniRial;1
PassionFruit;1
Bowling;2
Joule;25
Copper;1
BarleyGrain;7
LeafSpring;2
WashBasin;3
Neon;1
Entity;48
Concierge;2
Juice;17
Nitrogen;2
PearFruit;11
Mollusk;286
LowlandArea;26
Breakfast;2
LevelShape;15
FatTissue;25
FunkMusic;1
Ukraine;15
PassengerVehicle;20
decreasesLikelihood;4
ElectronVolt;2
FallSeason;2
ReligiousBuilding;38
PaperShredder;1
Circle;34
East;1
Morpheme;21
RNAMolecule;1
Yttrium;1
MilitaryOfficer;16
exactlyLocated;12
equivalentContentInstance;3
Waterfall;7
AdditionFn;21
Cape;3
FolkMusic;19
CubanPeso;1
TaiwanDollar;1
Finland;1
component;114
DravidianLanguage;1
HungarianLanguage;1
CateringService;3
WindowCovering;2
TrainStation;5
CostaRicanColon;1
Compressing;3
PaddyRice;3
Constructing;55
AlbanianLek;1
Communication;100
ChemicalAcid;78
SaltWaterArea;3
Gasket;3
Separating;39
Nutmeg;1
Airplane;44
Electrolyte;1
StandardBearer;2
Canal;4
Album;3
Mendelevium;1
IceHockey;2
Certificate;148
Spinach;2
SpringSeason;6
Mali;1
Espresso;1
RightAngle;1
ComputerOutputDevice;16
Basketball;3
Animal;151
Atropine;1
Nigeria;1
ParmesanCheese;1
Toe;2
Europe;45
ExplosiveDevice;26
Papaya;1
Siemens;1
Cuisine;10
destination;25
VlaamsLanguage;1
FruitOrVegetable;290
Stating;254
EquatorialGuinea;1
WingDevice;8
Baseball;2
Liver;2
subsumesContentClass;54
ShortStory;4
FrontFn;8
entails;3
Butter;6
Omelette;2
Financing;1
WealthFn;9
LandArea;493
knows;31
Tobacco;18
Composing;1
Philippines;1
InfantryUnit;11
Morocco;1
Iridium;1
greaterThan;18
Sunlight;5
PopMusic;11
Sonar;3
Fleet;8
FloweringPlant;5137
Quantity;64
Cheese;38
financialAsset;3
Whiskey;7
AcuteAngle;1
Collage;3
UniformResourceIdentifier;1
ParkingBrake;1
DepositAccount;32
ThreeDimensionalFigure;2
Phosphorus;1
Decade;2
Chess;15
partyToAgreement;2
Clover;11
Valve;10
Orchestra;8
Microwave;3
Californium;1
Hammock;1
CourtRoom;1
Ingesting;15
CommunicationSystem;2
ChestOrCabinet;9
NegativeRealNumber;1
Kenya;1
RealNumber;8
needs;24
Parliament;13
Mustard;1
Chromatography;2
PhysiologicProcess;15
Molybdenum;1
DefensiveManeuver;2
Carpenter;4
Electron;3
GasMixture;7
StrepThroat;1
Spark;3
Region;388
Seaweed;3
Vinegar;3
MortarGun;3
RepresentationalArtWork;8
EasternOrthodoxChristian;3
Seafood;1
List;38
ShipCaptain;3
BuildingLevel;6
StreamWaterArea;32
MilletGrain;4
Mexico;1
Deer;41
RoadJunction;5
Seat;15
Tissue;206
Dough;5
Holster;3
ElectronicMusic;2
Cocaine;3
contestParticipant;47
EngineWaterPump;1
Horse;221
WesternHemisphere;1
Publication;36
Purple;16
NorwegianKrone;1
PineTree;59
Arthropod;29
BedLinen;5
Kissing;4
AzerbaijaniLanguage;1
StageCoach;3
WinterSeason;2
member;64
Altimeter;2
March;1
CollegeSenior;2
Philosophy;128
DataStorageDevice;12
Invertebrate;136
NuclearWeapon;3
Putting;208
CultivatedLandArea;33
Surgeon;9
FemaleCow;3
PolishLanguage;1
GasPedal;2
Tendon;2
MilitaryUnit;29
Bag;13
Banker;2
Influenza;6
LibyanDinar;1
Spain;1
Pillow;5
Turmeric;1
CleaningDevice;2
Rad;1
Saving;1
MusicalGroup;34
Antigen;2
Newton;8
Telephone;9
SomalianShilling;1
capability;746
Rat;10
Dish;10
Sport;187
Tularemia;1
Fabric;381
SaoTomeAndPrincipe;1
Directing;20
PulmonaryArtery;1
SolderingIron;2
TurkishLira;1
Passport;6
Warehouse;18
Reading;2
SpaceRegion;4
Disseminating;63
UniformClothing;16
Door;22
Pliable;25
DutchGuilder;1
Wallpaper;1
RomanianLeu;1
AnimalLanguage;10
AutomobileIgnitionSystem;2
Flag;9
Steroid;6
SexualReproduction;77
Report;48
OlympicGames;2
Class;27
PrivateRank;3
SunflowerSeed;1
PlaceOfCommerce;2
Hour;23
Gallium;1
Equation;2
Leaving;3
Hinge;3
Architecture;1
Historical;9
CableTelevisionSystem;1
Transportation;63
Male;278
RecreationOrExercise;134
Dictionary;8
ParkingRegion;1
Soil;21
Supposition;1
Circumision;1
ListOrderFn;36
CityBlock;1
Engine;1
Orchid;77
Linguistics;2
GermanMark;1
DramaticActing;5
Dialysis;3
ArmenianDram;1
Feline;130
Chrysanthemum;2
inhibits;61
OpiumPoppy;2
IcelandicLanguage;1
Eating;69
PastFn;58
QuechuanLanguage;1
Camshaft;1
Psychosis;1
Aircraft;12
CDROM;1
Mozzarella;1
AIM9;1
Language;43
Hydrometer;1
Dangerous;3
TemporalRelation;33
Fertilizer;2
Belgium;3
Ambush;5
part;201
Barricade;1
Eggplant;1
authors;108
Tongue;4
Haiti;1
Cancer;16
SittingArea;5
Radish;2
Nut;10
Partnership;2
Physiology;1
Rotating;3
SymmetricShape;4
HaitianGourde;1
SouthKorea;1
CapeVerdeEscudo;1
Alcohol;22
Peach;3
JumperCable;1
PlantLeaf;1
Ramadan;1
Window;10
StateOfMind;113
GasTank;1
AgeGroup;15
SweetPepper;1
Bullet;18
Mushroom;215
Club;15
Iceland;1
TonganPaanga;1
Germany;46
Foot;8
Arachnid;294
Teacher;48
HumanCorpse;7
Kyrgyzstan;1
Oregon;1
Head;14
Governor;7
Magnet;6
most;1
VehicleThrottle;1
experiencer;46
Violin;11
Bridge;10
Egypt;1
Creation;39
IndoEuropeanLanguage;20
Waterway;1
Sikh;1
Cloud;23
OrganizationalProcess;44
KungFu=;1
Patent;8
CosineFn;3
BrushOrComb;6
Hay;8
Flower;14
Hill;11
Suite;3
Hat;99
PartyPlatform;2
GenevaSwitzerland;1
Muslim;13
NeisseriaGonorrhoeae;1
AudioCassette;2
ArtilleryCannon;24
Sarin;1
Liberia;1
Reef;3
Favorite;16
PersianLanguage;2
Tantalum;2
SemiticLanguage;2
InternalAttribute;20
Nutrient;6
Alga;131
transactionAmount;12
PlantRoot;7
AstronomicalBody;51
BosniaAndHerzegovina;1
TelephoneCommunication;7
PsychologicalAttribute;295
QueenInsect;2
Einsteinium;1
LebanesePound;1
DomesticAnimal;11
Lawrencium;1
Female;557
SheetMusic;2
SpinalColumn;2
Lathe;5
Shirt;22
creator;24
Glacier;4
Removing;243
Fox;16
France;2
Dormitory;4
Fog;7
DirectionChange;11
IndianOcean;1
SlavicLanguage;12
Song;53
Barium;1
Park;4
Thorium;1
Tundra;1
Tuberculosis;5
Brass;2
ModellingPosition;2
SalineSolution;1
AnimalResidence;2
Fighter;6
CareOrganization;1
Florida;2
Telex;2
FacialHair;14
BodyHair;2
Sand;9
Feces;11
ArtWork;532
TunisianDinar;1
FerryBoat;1
GunPowder;2
Neighborhood;4
CasualAttribute;12
Fish;1755
Snake;4
MilitaryShip;2
Chin;2
Fist;8
Horsepower;1
FinancialBill;4
Blanket;5
Happiness;56
ChemicalReduction;2
lessThanOrEqualTo;1
Panama;1
VacuumGauge;1
groupMember;20
Reserving;1
TieRod;1
Humus;1
Feather;13
War;12
Hormone;51
Stomach;19
PanamanianBalboa;1
Guitar;11
Trail;2
Archery;2
Train;13
California;1
NounPhrase;15
Moss;578
Goiter;1
Watt;3
BasqueLanguage;1
Liquid;70
Casino;2
Damper;2
Broadcasting;4
UnionOrganization;4
ClothesWashingMachine;3
BluesMusic;1
MusicalInstrument;51
Portugal;2
CoverRecording;1
Sales;1
CurrencyBill;19
Cobalt;1
hasPurposeForAgent;3
College;1
LiquidBodySubstance;1
SportsPosition;39
SnowSki;12
Tequila;1
UnitedStatesCentCoin;2
City;980
Qatar;1
larger;3
Italy;2
NewYorkCityUnitedStates;2
Mattress;4
Tin;1
Below;1
Prison;15
Expressway;5
Translocation;61
Stock;2
NationalFlag;3
Squirrel;12
FrankfurtGermany;1
PlanetPluto;1
Nation;1170
Oilseed;2
Wrist;1
IceMachine;2
Address;13
SpicePepper;2
Silk;11
Mauritania;1
ArtificialSatellite;4
Cow;19
Transmission;2
Charger;1
SocialistEconomy;6
VietnameseLanguage;1
HourDuration;2
uses;94
Cod;14
CargoShip;5
Coffin;3
CypriotPound;1
FlyingAircraft;21
Serving;2
OrganismProcess;22
Sol;6
Food;393
BengaliLanguage;1
CatalanValencianBalearLanguage;1
Psittacosis;2
CountryMusic;1
Atoll;1
Taxicab;5
Farad;1
SecurityUnit;4
TwoDimensionalAngle;9
MilitaryWaterVehicle;2
Statement;18
Internet;2
NerveCell;1
RailroadTrack;10
SesameSeed;1
ShipMate;1
FileDevice;5
Football;1
Chocolate;11
Brandy;10
MoldovanLeu;1
FishingSport;5
DensityFn;17
Icon;328
On;1
Jamaica;1
Waiter;7
CheddarCheese;1
Stretching;1
Air;5
WaterChestnut;1
RelationExtendedToQuantities;19
Magnesium;1
Position;2525
NewsReporter;4
Myriapod;28
Brunch;1
Pakistan;1
Albania;1
CounterTerrorismStrategy;1
Skeleton;1
IranianRial;1
Grasshopper;9
SwitchDevice;39
Rodent;208
Hiring;2
Learning;52
WaterArea;57
MeanOfProduction;15
Gulf;3
Dancing;171
SkilledOccupation;72
CivilWar;1
Damp;12
Disability;9
TwoDimensionalFigure;46
TreeBranch;1
IndoIranianLanguage;2
SineFn;3
LondonUnitedKingdom;2
GolfCourse;1
Meat;80
Butterfly;195
EastTimor;1
String;54
HistoricalAccount;5
MilitaryForce;1
NepaleseRupee;1
Virus;101
Reflecting;5
GeographicArea;413
Ecuador;1
Arriving;19
commentator;10
Box;27
Boy;2
Protestant;12
Substance;457
patient;12
Nectar;2
Radiating;121
Economics;72
RoomHeater;19
Installing;5
Microscope;7
Insulin;1
ContraceptiveDevice;9
BodyPart;713
Russia;72
Gesture;14
August;1
Romania;2
Square;5
Legionella;1
Liqueur;62
Rod;1
LandTransitway;1
Cocoa;2
Bodybuilding;1
LesothoLoti;1
Bedroom;11
Mayonnaise;2
Scar;5
VolcanicMountain;11
Barn;6
Hertz;5
Swimmer;5
GeometricPoint;8
IraqiDinar;1
Guyana;1
OpticalDevice;3
Oceania;1
CrimeanCongoHemorrhagicFever;1
Lumen;2
FinancialTransaction;231
Racing;41
Belarus;4
Illuminated;6
Explanation;3
Vulture;14
Replication;13
Vacationing;6
LegalAction;14
OrganizationalMerging;1
Steel;1
Dysprosium;1
Filter;16
Fermium;1
SaturationAttribute;11
EyeMotion;1
hopes;2
ShapeAttribute;571
Grenade;2
Substituting;29
Lilac;5
Bell;5
Attribute;595
Africa;5
ArrowProjectile;6
Pascal;9
Refrigerator;7
AtmosphericRegion;19
Brie;1
Belt;16
WebSite;22
TraitAttribute;640
Cooperation;60
Shaft;9
Answering;5
Ice;7
CommercialBuilding;11
Attack;10
Novel;21
Above;11
Company-Military;14
Lecture;13
UruguayanPeso;1
ProtectiveEyewear;4
Transitway;32
Map;22
Murder;14
Barrier;17
May;1
TennisCourt;2
Leather;19
SocialInteraction;174
Student;1
income;11
Gymnastics;9
Man;202
Lebanon;1
Ytterbium;4
ExhaustSystem;1
Excrement;7
Refugee;3
Testifying;1
PositiveInteger;81
Gun;8
Shower;1
Laughing;16
Making;188
Summary;11
Documentary;2
UnitedStatesTenCentCoin;2
Microorganism;109
Alkaloid;19
SocialScience;11
age;29
NorthKoreanWon;1
PlantAgriculturalProduct;5
PerceptualAttribute;43
Radar;4
depth;2
Hypothalamus;1
PositiveRealNumber;5
viewType;2
USMilitaryRankE4;1
USMilitaryRankE5;3
USMilitaryRankE6;1
USMilitaryRankE7;1
SavingsAccount;3
RiftValleyFever;1
AtlanticOcean;2
Encoding;1
ComputerInputDevice;8
ChildCareService;1
Cooling;5
Algeria;1
ComputerHardware;7
CPU;4
Designer;1
CookingOven;8
NewsDealersAndNewsstands;1
Returning;2
Cardamom;1
Boxcar;1
Object;141
VerbPhrase;1
VietnameseDong;1
ComputerMemory;1
Glass;9
QFever;1
Rifle;21
Sulphur;2
AnaerobicExerciseDevice;3
Pulley;2
ClothesDryer;6
Bismuth;2
GermanicLanguage;1
Organ;193
Celebrity;2
UplandArea;1
GuineaBissau;1
Veal;4
Projectile;5
Elbow;3
Poisoning;11
Ampere;2
CuttingDevice;34
Sorghum;6
Alternator;1
Ambassador;6
TransportationService;18
False;183
TurkeyMeat;3
ChemicalWeapon;5
ArtifactMediatedCommunication;2
BodyPosition;33
PolishZloty;5
AdenYemen;1
Turkey;7
Dry;13
Sodium;1
ExponentiationFn;5
Evacuee;1
MedicalScience;34
Camera;22
Sorbet;1
believes;531
Norway;1
SaudiArabianRiyal;1
MacedonianLanguage;1
PituitaryGland;1
anthem;8
Squash;8
NewZealand;1
AreaMeasure;31
GameDie;2
Impelling;21
BoatDeck;17
Necessity;8
WaterHeater;1
Reel;7
HannoverGermany;1
Iceberg;1
Roadway;54
Plumber;1
desires;16
MineOrWell;6
Professor;5
Combining;50
Debating;18
Heating;19
Crustacean;159
Driveway;1
Green;32
Clay;4
PortugueseLanguage;2
Bathing;1
FootballTeam;2
GameShot;38
LegalDecision;11
Stove;15
Almond;1
NationalAnthemFn;1
ConstrictorSnake;19
PoliceOrganization;17
HemisphereFigure;1
ReconnaissanceOperation;2
Mountain;22
AirTransitway;2
SeatBelt;1
Hindu;4
UralicLanguage;10
Outdoors;4
Threatening;8
Finger;7
composer;7
FormalMeeting;61
PeaceState;2
Blueprint;7
Breathing;11
Malfunctioning;3
DigitCharacter;2
Lens;10
Wedding;6
FrenchLanguage;2
LaotianKip;1
TearSubstance;3
GameArtifact;18
YersiniaPestis;1
Plain;5
Wednesday;1
Volleyball;2
VocationalSchool;3
OrganOrTissueProcess;80
PlanetSaturn;2
Bottle;30
BlackPepper;1
customer;19
FillingAnOrder;17
Estonia;1
WaterSprinkler;2
NorthKorea;1
Tofu;1
PsychologicalDysfunction;237
ReligiousMusic;10
Berkelium;1
VisualAttribute;90
EarthsMoon;2
MalteseLira;1
ComputerProgram;104
Bacterium;99
GreekDrachma;2
Technetium;1
PrawnMeat;1
MilitaryTank;4
Enzyme;79
Netherlands;1
MilanItaly;1
employs;97
monetaryValue;12
OperatingSystem;3
ScotsGaelicLanguage;1
FarmBuilding;3
IndonesianLanguage;1
OldTestament;1
Strontium;1
located;60
Cadmium;1
SierraLeoneLeone;1
Reservation;2
Mauritius;1
Payment;14
Carburetor;2
DuckMeat;2
Request;5
DisplacedPerson;3
FreshWaterArea;2
ClothingSuit;7
MarburgVirus;1
EasternOrthodoxChristianity;3
Reptile;1755
Apple;23
Anglicanism;2
Meter;3
Carrot;4
Greece;3
Catholic;12
Cycling;4
MetallicAlloy;2
Monaco;1
PerformanceStage;22
Meteorite;8
Adjacent;20
Organization;593
MotionPictureShot;10
Bird;3836
Manufacture;65
Crayfish;10
DiagnosticProcess;37
Shelf;9
Cove;1
Buffet;3
BowlingLane;1
CurrencyMeasure;394
VenezuelanBolivar;1
SteamBath;5
NonFullyFormed;158
Primate;56
Solid;35
Steeple;3
Hungry;3
Tungsten;1
Architect;8
Cholesterol;1
Lubricant;8
Antibody;16
ZuluLanguage;1
CologneGermany;1
Rhenium;1
FinnishLanguage;1
MilitaryCorps;2
Squid;5
Israel;1
SwissFranc;1
LassaVirus;1
MusicalPerformance;8
ExpressingDisapproval;6
Platinum;1
KiribatiDollar;1
KannadaLanguage;1
Armor;15
Balloon;8
PlantBranch;42
PaintedPicture;30
MilitaryProcess;12
Couscous;1
UkrainianLanguage;1
Bubble;6
Veneer;2
Exhaust;1
Permission;13
ArtStudio;4
Selecting;37
Freezing;8
Agreement;10
Mailbox;1
Verb;54
China;1
Breast;5
VehicleWheel;9
Buying;48
Performing;2
ChildrenSuite;1
Indonesia;1
Erbium;1
TapeRecorder;1
CaymanIslandsDollar;1
Buffalo;6
Drawing;9
Bulgaria;1
Angola;1
GameReferee;3
SwazilandLilangeni;1
SpeedFn;15
Currency;29
length;7
RacialEthnicGroup;7
CongoFranc;1
SwedishLanguage;1
EarthsAtmosphere;6
FulaLanguage;1
BarcelonaSpain;1
StateOrProvince;36
Somersaulting;2
Unhappiness;57
Lamb;1
NonFloweringPlant;45
Multilingual;2
Managing;40
MalawianKwacha;1
MilitaryAssault;1
Rubber;4
Submarine;5
TableTennis;1
Collection;381
Ankle;2
Baton;1
Local;6
Zucchini;1
TherapeuticProcess;252
North;4
Farm;11
AngolanKwanza;1
Combustible;1
MajorAppliance;9
Outfit;4
Argon;1
GroceryStore;7
DirectionalAttribute;22
Iraq;1
FigureSkating;3
DominicanRepublic;1
Dishwasher;1
ResistorElement;3
ComputerTerminal;6
SubjectiveAssessmentAttribute;7045
Airway;1
Inclining;1
ConsciousnessAttribute;52
Deacon;1
Calcium;1
Burrow;6
InformationMeasure;15
ResidentFn;2
Integer;9
CarbonDioxide;1
PostSecondarySchool;5
November;1
AbsoluteValueFn;1
WhiteEthnicity;1
Saltiness;2
Shooting;23
JapaneseYen;2
EnglishLanguage;3
PidginLanguage;1
YiddishLanguage;1
Zinc;1
Duck;140
Limb;20
Lime;1
RecurrentTimeIntervalFn;5
AAM;1
SwedishKrona;1
Veteran;3
MilitaryCommander;13
RoadVehicle;4
Machine;473
RecreationOrExerciseDevice;43
Kilometer;1
Actinium;1
Vandalism;2
BruneiDollar;1
Vegetable;14
TimeZone;2
Soccer;3
Spaghetti;1
Classifying;46
SportsLeague;2
Oil;8
FamilyGroup;42
holdsObligation;18
instance;27
Catching;1
Ticket;19
SexAttribute;13
ShapeChange;8
Pencil;7
AustralianDollar;1
Solution;72
Sesame;1
Ounce;2
connected;10
Advertising;6
Rural;10
Tray;6
Bugle;4
BrazilianReal;1
SkiingFacility;2
Tetanus;1
Estuary;1
Lock;10
UnilateralGiving;73
Arugula;1
Scallop;2
WhenFn;2
Growth;27
Saturday;2
MechanicalNut;4
UnilateralGetting;40
Sunflower;6
EbolaVirus;1
Rug;5
Steradian;1
Congratulating;1
Evacuation;1
GunTrigger;1
Goat;26
Running;6
Zoroastrianism;1
Generator;6
publishedPrice;1
ComposingMusic;1
Blackboard;1
Obligation;63
BathTub;8
Chlorine;1
EuropeanUnion;2
ViralDisease;4
loss;2
Coat;94
Wheelchair;1
Coal;20
Paragraph;2
InternalCombustionEngine;12
HumanSlave;3
WillowTree;29
Bicycle;18
River;90
FinnishMarkka;1
MusselMeat;1
FanDevice;3
BelizeDollar;1
Proton;1
Confining;5
GalicianLanguage;1
Penne;1
Protein;69
UnitedStates;14
Afghanistan;1
exists;285
Script;7
Investing;10
Question;10
MatchDevice;3
Pi;1
DemocraticRepublicOfTheCongo;2
PuertoRico;1
PureSubstance;7
WelshLanguage;1
ChemicalSynthesis;20
Magnetism;5
NorwegianLanguage;1
July;1
Protactinium;1
MultimediaProjector;2
Isthmus;1
Kitchen;4
Shoulder;2
MeasuringDevice;109
Borrowing;1
PetroleumProduct;4
Differential;1
AquaticMammal;85
FarmHand;17
Silicon;1
Smoke;4
Jury;1
DressingRoom;2
Aperitif;3
Anchor;6
PropellerPlane;1
Strait;2
equal;65
FieldOfStudy;1181
Serum;1
GliderPlane;5
DutchLanguage;1
Unlikely;4
OatGrain;2
forall;33
Candle;9
SlovakianKoruna;1
KazakhstanItenge;1
VideoGame;27
Inlet;1
Snowing;15
DVD;1
lyricist;6
Netball;1
Luxembourg;1
overlapsTemporally;1
Andorra;1
Music;119
Nobelium;1
Osmium;1
MyanmarKyat;1
Hen;10
NerveAgent;1
FunctionQuantity;62
BahrainianDinar;1
TasteAttribute;53
FrenchFranc;1
WarmTemperature;15
GraphNode;4
Monarchy;20
Salmon;15
GamePiece;56
Fungus;1081
RecordingStudio;2
Thailand;1
Horizontal;1
PersonalAdornment;1
Caesium;1
finishes;7
HepatitisAVirus;1
Face;16
OldChurchSlavonicLanguage;1
SmokingDevice;1
FijiDollar;1
Crankshaft;2
MashupRecording;3
Fact;15
Bearing;5
Antelope;21
SolidAngleMeasure;1
Palladium;1
Number;44
Uzbekistan;1
agreementClause;6
RadiatingInfrared;2
Skiing;14
Battle;13
Bomber;8
Cyprus;1
Balcony;3
IranianLanguage;2
TransportationDevice;409
Shrub;26
SanskritLanguage;1
MassMeasure;44
inhabits;23
superficialPart;78
surface;53
Coroner;1
LoftStyle;9
Fuel;19
Hinduism;6
Product;114
BahamianDollar;1
GhanianCedi;1
TemperatureMeasure;31
Bean;11
LemonFruit;2
Pasta;20
Golf;1
IrishPound;1
AlgerianDinar;1
TanzanianShilling;1
Repairing;19
Measuring;31
BusinessCompetition;1
Aluminum;1
FashionDesigner;5
Schnapps;1
BritishThermalUnit;1
PoultryMeat;11
ContestAttribute;19
Airport;3
HindiLanguage;2
student;20
Ambulance;5
MusicGenre;112
RetailStore;42
Throwing;3
Spring;4
pointOfIntersection;1
wants;36
AttachingDevice;20
Phrase;25
MakingVocalMusic;30
TelevisionBroadcasting;3
ShipOfficer;1
AgentPoweredVehicle;5
Cave;10
Sunday;8
Shinto;1
Argentina;1
Sabotage;4
ComputerLanguage;18
Porter;7
Brigade;1
Bahrain;1
Mixture;192
TimePosition;39
Coffeeshop;5
Friday;2
Prohibition;2
ServiceOrganization;22
StringInstrument;69
GooseMeat;2
citizen;10
BunkBed;1
WestNileVirus;1
CambodianRiel;1
Interpreting;3
MalaysianRinggit;1
Clamp;5
AirTransportationService;2
Drum;22
ScubaDiving;1
stockHolder;4
ObjectiveNorm;4
Recording;11
Dinner;6
RailVehicle;60
Polling;1
RockMusic;2
Newspaper;7
VideoRecording;2
Ohm;3
WaterWave;9
Creek;12
OliveOil;2
Profession;38
Azerbaijan;1
CreditCard;1
Honey;4
SystemeInternationalUnit;1
TurkmenManat;1
Telegraph;2
PoliceDetective;2
PricingScheme;1
Terrorist;6
ATMMachine;2
Thunder;2
Cerium;1
February;1
IgnitionCoil;1
ColombianPeso;1
Rwanda;1
CompoundSubstance;752
MusicalComposition;173
Helicopter;6
HeavyMetalMusic;11
Speaking;99
CoffeeBean;1
Coffee;36
DriveComponent;6
StormFront;2
Singapore;1
Musician;180
ElectricalOutlet;1
Bromine;1
Catalog;2
Trousers;34
Bull;7
leader;5
RadioReceiver;13
Zoroastrian;1
equivalentContentClass;4
KiloByte;3
Inside;2
cooccur;5
BronchialDuct;4
MilitaryVehicle;13
Anthrax;1
StateChange;11
Chemistry;19
BolognaItaly;1
Toilet;6
sister;5
ComputerNetwork;7
ReligiousAttribute;5
April;1
December;1
Carbohydrate;70
Unbreakable;2
ShoreArea;15
Japan;1
Mayor;8
Neodymium;1
MakingMusic;64
ThyroidGland;2
Predicting;26
Grape;1
Psychology;54
Graph;4
Writing;40
Chad;1
UnitedKingdomOfGreatBritainAndNorthernIreland;1
Steppe;3
FaxMachine;1
HungarianForint;1
Doxycycline;1
Brunei;1
Ivory;1
Ball;6
Clock;24
SocialParty;56
Mace;1
Brewpub;1
Musical;2
MedicalDoctor;16
CzechKoruna;1
RadiatingNuclear;3
Fermentation;6
Chile;1
SingaporeDollar;1
AnimalController;12
CapacitorElement;4
RadiatingSound;316
Amu;1
Plan;91
EngineConnectingRod;1
LegislativeOrganization;11
Science;91
Contract;71
CargoVehicle;1
properPart;9
Croatia;2
RedBloodCell;2
SalesPosition;15
BusinessExecutive;9
ShoppingMall;2
Sentence;53
Wall;11
Tea;11
QatariRiyal;1
SquareRootFn;1
AtomicNucleus;7
Gland;37
HemorrhagicFever;9
Cappuccino;1
piece;1
Chromium;1
Hydrocarbon;21
HoistingDevice;16
Bathroom;13
SolomonIslands;1
PoliticalOrganization;168
Clean;7
measure;34
Lake;81
sibling;9
EndFn;12
NewZealandDollar;1
StaticWaterArea;26
RwandaFranc;1
Electronics;6
Lithium;1
UrduLanguage;1
SyrianPound;1
Function;48
MobileCellPhone;6
DependencyOrSpecialSovereigntyArea;6
Explosion;7
DescendantsFn;4
FlyInsect;7
Oxidation;5
UnitedStatesDollarBill;2
Lanthanum;1
Biopsy;1
FirstFn;2
Mouth;10
Stimulant;29
Boron;1
monetaryWage;25
YugoslavianDinar;1
conclusion;1
ClostridiumPerfringens;1
ClericalSecretary;25
Karate;2
Swamp;31
Xenon;1
Testament;2
BolivianBoliviano;1
Harbor;1
Page;7
South;4
Coach;6
Betting;9
Private;6
Proposition;773
WindInstrument;92
DrugStore;4
WatchClock;4
